{"cameraMode":{"drawMode":0,"name":"Shaded","section":"Shading Mode"},"sceneLighting":false,"audioPlay":false,"sceneViewState":{"m_AlwaysRefresh":false,"showFog":true,"showSkybox":false,"showFlares":true,"showImageEffects":true,"showParticleSystems":true,"showVisualEffectGraphs":true,"m_FxEnabled":true},"in2DMode":false,"pivot":{"x":-0.055258240550756457,"y":0.035208821296691897,"z":0.025637194514274598},"rotation":{"x":0.05599887669086456,"y":-0.9132398366928101,"z":0.3805360198020935,"w":0.1343880295753479},"size":0.9866342544555664,"orthographic":false}