{"cameraMode":{"drawMode":0,"name":"Shaded","section":"Shading Mode"},"sceneLighting":true,"audioPlay":false,"sceneViewState":{"m_AlwaysRefresh":false,"showFog":true,"showSkybox":true,"showFlares":true,"showImageEffects":true,"showParticleSystems":true,"showVisualEffectGraphs":true,"m_FxEnabled":true},"in2DMode":false,"pivot":{"x":244.52371215820313,"y":238.77630615234376,"z":-13.72957992553711},"rotation":{"x":0.06379523128271103,"y":-0.04308617115020752,"z":0.002746693091467023,"w":0.9970405697822571},"size":348.68853759765627,"orthographic":false}