{"cameraMode":{"drawMode":0,"name":"Shaded","section":"Shading Mode"},"sceneLighting":true,"audioPlay":false,"sceneViewState":{"m_AlwaysRefresh":false,"showFog":true,"showSkybox":true,"showFlares":true,"showImageEffects":true,"showParticleSystems":true,"showVisualEffectGraphs":true,"m_FxEnabled":true},"in2DMode":false,"pivot":{"x":-7.7406182289123539,"y":32.09532928466797,"z":668.2017211914063},"rotation":{"x":-0.06969787180423737,"y":0.33670705556869509,"z":-0.024987012147903444,"w":-0.9387025237083435},"size":49.48446273803711,"orthographic":false}