{"cameraMode":{"drawMode":0,"name":"Shaded","section":"Shading Mode"},"sceneLighting":true,"audioPlay":false,"sceneViewState":{"m_AlwaysRefresh":false,"showFog":true,"showSkybox":true,"showFlares":true,"showImageEffects":true,"showParticleSystems":true,"showVisualEffectGraphs":true,"m_FxEnabled":true},"in2DMode":false,"pivot":{"x":419.4600524902344,"y":183.81793212890626,"z":31.164169311523439},"rotation":{"x":-0.012342676520347596,"y":0.20288121700286866,"z":0.0025470841210335495,"w":0.9791339039802551},"size":266.59527587890627,"orthographic":false}