{"cameraMode":{"drawMode":0,"name":"Shaded","section":"Shading Mode"},"sceneLighting":false,"audioPlay":false,"sceneViewState":{"m_AlwaysRefresh":false,"showFog":true,"showSkybox":false,"showFlares":true,"showImageEffects":true,"showParticleSystems":true,"showVisualEffectGraphs":true,"m_FxEnabled":true},"in2DMode":false,"pivot":{"x":9.385618209838868,"y":2.8613393306732179,"z":3.7291300296783449},"rotation":{"x":0.10867874324321747,"y":0.009257911704480648,"z":-0.0010211503831669689,"w":0.994045078754425},"size":2.202651262283325,"orthographic":false}