{"cameraMode":{"drawMode":0,"name":"Shaded","section":"Shading Mode"},"sceneLighting":false,"audioPlay":false,"sceneViewState":{"m_AlwaysRefresh":false,"showFog":true,"showSkybox":false,"showFlares":true,"showImageEffects":true,"showParticleSystems":true,"showVisualEffectGraphs":true,"m_FxEnabled":true},"in2DMode":false,"pivot":{"x":14.640621185302735,"y":0.10000000149011612,"z":-3.774134397506714},"rotation":{"x":0.10777425765991211,"y":0.47823211550712588,"z":-0.05927116423845291,"w":0.8695820569992065},"size":4.472204208374023,"orthographic":false}