{"cameraMode":{"drawMode":0,"name":"Shaded","section":"Shading Mode"},"sceneLighting":false,"audioPlay":false,"sceneViewState":{"m_AlwaysRefresh":false,"showFog":true,"showSkybox":false,"showFlares":true,"showImageEffects":true,"showParticleSystems":true,"showVisualEffectGraphs":true,"m_FxEnabled":true},"in2DMode":false,"pivot":{"x":-6.524589538574219,"y":0.09000003337860108,"z":-15.890335083007813},"rotation":{"x":0.10777425765991211,"y":0.47823211550712588,"z":-0.05927116423845291,"w":0.8695820569992065},"size":3.8360884189605715,"orthographic":false}